               epoch,      train/box_loss,      train/obj_loss,      train/cls_loss,   metrics/precision,      metrics/recall,     metrics/mAP_0.5,metrics/mAP_0.5:0.95,        val/box_loss,        val/obj_loss,        val/cls_loss,               x/lr0,               x/lr1,               x/lr2
                   0,            0.068599,            0.027944,            0.021694,             0.63514,             0.73305,             0.71722,             0.37641,            0.045017,           0.0099466,           0.0029946,            0.070068,           0.0033257,           0.0033257
                   1,            0.050539,            0.022518,           0.0042383,             0.73356,             0.77342,             0.76935,             0.50114,            0.039268,           0.0089076,           0.0020672,            0.040042,           0.0066327,           0.0066327
                   2,            0.047231,            0.021792,           0.0038772,             0.74842,             0.73468,             0.76279,             0.49125,             0.04211,           0.0099485,           0.0018929,           0.0099894,           0.0099132,           0.0099132
                   3,            0.045857,            0.022329,           0.0039758,             0.74005,             0.76834,             0.74817,              0.4859,            0.039858,            0.010404,           0.0019118,           0.0098812,           0.0098812,           0.0098812
                   4,            0.043865,            0.022425,           0.0033562,             0.72164,             0.78925,             0.77131,             0.49892,            0.037359,             0.01014,           0.0013585,           0.0098812,           0.0098812,           0.0098812
                   5,            0.042241,            0.022242,           0.0031897,             0.78585,             0.79272,             0.78734,             0.53835,            0.036289,           0.0095685,           0.0014715,           0.0098416,           0.0098416,           0.0098416
                   6,            0.040979,            0.021466,           0.0026224,             0.80309,             0.79609,             0.81798,             0.55142,            0.033202,           0.0089728,          0.00084648,            0.009802,            0.009802,            0.009802
                   7,             0.03987,            0.021162,           0.0024715,             0.81857,             0.80299,             0.82693,             0.57565,            0.032515,           0.0088938,          0.00069652,           0.0097624,           0.0097624,           0.0097624
                   8,            0.038777,            0.020884,           0.0021053,             0.78563,              0.7785,             0.77724,              0.5462,            0.037421,            0.010098,           0.0008606,           0.0097228,           0.0097228,           0.0097228
                   9,            0.038279,            0.020772,           0.0020614,             0.79916,             0.82915,             0.83387,             0.59483,            0.031464,           0.0085762,          0.00057627,           0.0096832,           0.0096832,           0.0096832
                  10,            0.037265,             0.02025,            0.001849,             0.80522,             0.83145,              0.8447,             0.60384,            0.030307,           0.0082591,          0.00053702,           0.0096436,           0.0096436,           0.0096436
                  11,            0.036966,            0.020254,           0.0016913,             0.82813,             0.81975,             0.84096,              0.5937,            0.031866,           0.0088177,          0.00058265,            0.009604,            0.009604,            0.009604
                  12,            0.036111,            0.020034,           0.0017169,             0.81211,             0.83146,             0.83614,             0.60193,            0.030305,           0.0087297,          0.00043945,           0.0095644,           0.0095644,           0.0095644
                  13,             0.03595,            0.019843,           0.0015899,             0.80893,             0.84476,             0.85105,             0.61831,            0.029242,           0.0082557,          0.00045054,           0.0095248,           0.0095248,           0.0095248
                  14,            0.035253,            0.019399,            0.001352,             0.82499,             0.84674,             0.85058,             0.60979,            0.028737,           0.0079875,          0.00039055,           0.0094852,           0.0094852,           0.0094852
                  15,            0.034922,            0.019053,           0.0013918,             0.81322,             0.84443,              0.8564,             0.61866,            0.028672,           0.0080514,          0.00040563,           0.0094456,           0.0094456,           0.0094456
                  16,            0.034315,            0.019253,           0.0013673,             0.83379,             0.85686,             0.86191,             0.62884,            0.028291,           0.0079289,          0.00041892,            0.009406,            0.009406,            0.009406
                  17,             0.03422,            0.019143,           0.0012493,             0.81517,             0.86435,              0.8635,             0.63244,            0.028063,            0.007706,          0.00030265,           0.0093664,           0.0093664,           0.0093664
                  18,            0.033603,             0.01883,           0.0011687,             0.82088,             0.83709,             0.85358,             0.63138,            0.028962,           0.0081713,          0.00036682,           0.0093268,           0.0093268,           0.0093268
                  19,            0.033502,            0.018873,           0.0012042,             0.84546,             0.83499,             0.85773,             0.63302,            0.028131,           0.0077851,          0.00029651,           0.0092872,           0.0092872,           0.0092872
                  20,            0.033379,            0.018642,           0.0011977,             0.83589,              0.8584,             0.87483,             0.63046,            0.028076,           0.0077723,          0.00045608,           0.0092476,           0.0092476,           0.0092476
                  21,            0.032811,            0.018324,           0.0011038,              0.8247,             0.86345,             0.87539,             0.63966,            0.027561,            0.007547,          0.00022848,            0.009208,            0.009208,            0.009208
                  22,            0.032617,            0.018359,           0.0013127,              0.8306,             0.87549,             0.87944,             0.65504,            0.027501,           0.0075889,          0.00033808,           0.0091684,           0.0091684,           0.0091684
                  23,            0.032446,             0.01809,          0.00096174,              0.8382,             0.87056,             0.86764,             0.64459,            0.026825,           0.0074294,          0.00027016,           0.0091288,           0.0091288,           0.0091288
                  24,            0.032426,            0.018111,           0.0010621,             0.83243,             0.87081,             0.88071,              0.6527,            0.026837,           0.0073984,          0.00020592,           0.0090892,           0.0090892,           0.0090892
                  25,            0.031908,            0.018231,           0.0010647,             0.81792,             0.86134,             0.85612,             0.63784,            0.027416,           0.0075878,          0.00026007,           0.0090496,           0.0090496,           0.0090496
                  26,            0.031659,            0.017877,           0.0010888,             0.86793,              0.8488,             0.87508,             0.65614,            0.026552,           0.0073329,          0.00023977,             0.00901,             0.00901,             0.00901
                  27,            0.031278,            0.017715,          0.00087686,             0.85179,             0.87058,             0.88018,             0.65053,            0.026419,           0.0072735,          0.00023806,           0.0089704,           0.0089704,           0.0089704
                  28,            0.031426,            0.017497,          0.00088174,             0.82804,              0.8945,              0.8819,             0.66376,            0.026641,           0.0072316,          0.00021563,           0.0089308,           0.0089308,           0.0089308
                  29,            0.031265,            0.017737,           0.0010909,             0.84679,             0.87926,             0.89614,             0.67471,            0.025855,           0.0072167,          0.00019999,           0.0088912,           0.0088912,           0.0088912
                  30,            0.030957,            0.017553,           0.0010007,             0.84013,             0.88058,             0.88458,             0.65826,            0.026392,            0.007315,          0.00025617,           0.0088516,           0.0088516,           0.0088516
                  31,            0.031015,            0.017498,          0.00097846,             0.82488,             0.88421,             0.86916,             0.66052,            0.026127,            0.007296,          0.00020925,            0.008812,            0.008812,            0.008812
                  32,            0.030804,            0.017496,          0.00094258,             0.84124,             0.88467,             0.88098,             0.67009,            0.025836,           0.0070908,          0.00020815,           0.0087724,           0.0087724,           0.0087724
                  33,             0.03025,            0.017184,          0.00088809,             0.84784,             0.86919,              0.8847,             0.66865,            0.025515,           0.0071164,          0.00018303,           0.0087328,           0.0087328,           0.0087328
                  34,            0.030257,            0.017294,          0.00090448,             0.84503,             0.88929,             0.89298,             0.68076,            0.025033,           0.0069015,           0.0001878,           0.0086932,           0.0086932,           0.0086932
                  35,            0.030024,            0.017084,          0.00080315,             0.84417,             0.87706,             0.88467,             0.66501,            0.025732,           0.0070661,          0.00017258,           0.0086536,           0.0086536,           0.0086536
                  36,            0.029902,            0.016895,          0.00097832,             0.86279,             0.87788,             0.89035,              0.6713,            0.025167,             0.00711,          0.00017361,            0.008614,            0.008614,            0.008614
                  37,             0.02995,            0.017111,          0.00089885,             0.87059,             0.87597,             0.89231,             0.67633,            0.025336,           0.0068961,           0.0001828,           0.0085744,           0.0085744,           0.0085744
                  38,            0.030024,            0.017105,          0.00097799,             0.86871,             0.87615,             0.89877,                0.68,             0.02537,           0.0070029,          0.00017232,           0.0085348,           0.0085348,           0.0085348
                  39,            0.029556,            0.016866,          0.00090114,             0.87488,             0.87344,             0.90797,             0.68366,             0.02532,           0.0068512,          0.00018327,           0.0084952,           0.0084952,           0.0084952
                  40,             0.02961,            0.016883,          0.00094184,             0.85999,             0.89761,             0.90828,             0.69707,             0.02479,           0.0067784,          0.00016664,           0.0084556,           0.0084556,           0.0084556
                  41,            0.029487,            0.016865,          0.00089038,             0.86457,             0.90279,             0.90175,             0.68701,            0.025287,           0.0068767,           0.0001618,            0.008416,            0.008416,            0.008416
                  42,            0.028895,            0.016466,          0.00072359,              0.8699,             0.89303,             0.90474,             0.69734,            0.024273,            0.006698,          0.00015778,           0.0083764,           0.0083764,           0.0083764
                  43,            0.028968,            0.016152,          0.00078306,             0.87015,             0.89975,             0.91172,             0.70474,            0.023988,           0.0065922,          0.00016748,           0.0083368,           0.0083368,           0.0083368
                  44,            0.028742,            0.016546,          0.00069621,             0.87856,             0.88651,             0.90932,             0.70062,            0.023906,           0.0065538,          0.00017161,           0.0082972,           0.0082972,           0.0082972
                  45,             0.02888,            0.016708,          0.00079362,             0.88313,             0.90063,             0.91471,             0.70424,            0.023748,           0.0065565,          0.00015335,           0.0082576,           0.0082576,           0.0082576
                  46,            0.028614,            0.016151,          0.00068021,             0.88005,             0.90044,              0.9144,             0.71006,            0.023668,           0.0064871,          0.00015731,            0.008218,            0.008218,            0.008218
                  47,            0.028404,            0.016308,          0.00079189,             0.85617,             0.91207,             0.91327,             0.70646,            0.023409,           0.0065895,          0.00014076,           0.0081784,           0.0081784,           0.0081784
                  48,            0.028367,            0.016426,          0.00081723,             0.87513,              0.9017,             0.90979,             0.70151,            0.023658,           0.0065899,          0.00014106,           0.0081388,           0.0081388,           0.0081388
                  49,            0.028179,            0.015953,          0.00076758,             0.86803,             0.90434,             0.90449,             0.70316,            0.023687,           0.0065475,          0.00014837,           0.0080992,           0.0080992,           0.0080992
                  50,             0.02816,            0.015996,          0.00075537,              0.8752,             0.88383,             0.90389,             0.70058,            0.023611,           0.0064489,          0.00015079,           0.0080596,           0.0080596,           0.0080596
                  51,            0.027872,            0.016016,          0.00066155,             0.90011,             0.88304,             0.91683,             0.71315,            0.023389,           0.0064462,          0.00014298,             0.00802,             0.00802,             0.00802
                  52,            0.027783,             0.01599,          0.00081279,             0.89301,             0.88302,             0.91522,             0.70698,            0.023492,           0.0065066,          0.00015022,           0.0079804,           0.0079804,           0.0079804
                  53,            0.027889,            0.015981,          0.00080214,             0.88081,             0.89339,             0.91331,             0.71302,            0.023352,           0.0064708,          0.00011893,           0.0079408,           0.0079408,           0.0079408
                  54,            0.027731,            0.015906,          0.00072759,             0.89361,             0.87335,             0.91191,             0.71053,            0.023719,           0.0064603,           0.0001371,           0.0079012,           0.0079012,           0.0079012
                  55,            0.027592,            0.015956,          0.00065952,             0.88038,             0.89274,             0.91168,             0.71526,            0.023165,           0.0062923,          0.00013873,           0.0078616,           0.0078616,           0.0078616
                  56,            0.027157,            0.015432,          0.00059676,             0.88348,             0.89774,             0.91792,             0.71509,            0.023206,           0.0062864,           0.0001411,            0.007822,            0.007822,            0.007822
                  57,            0.027447,            0.015609,          0.00069092,             0.89255,             0.89066,             0.91686,             0.71714,            0.023192,           0.0062631,          0.00013703,           0.0077824,           0.0077824,           0.0077824
                  58,            0.027501,            0.015521,          0.00074432,             0.88126,              0.9066,             0.91738,             0.71876,            0.023111,           0.0062597,          0.00013107,           0.0077428,           0.0077428,           0.0077428
                  59,            0.027202,            0.015614,          0.00075288,              0.9015,             0.90402,             0.92323,             0.72015,            0.022948,           0.0062774,          0.00012538,           0.0077032,           0.0077032,           0.0077032
                  60,            0.027172,            0.015593,          0.00063269,             0.88646,             0.90605,             0.91931,             0.72061,            0.022798,           0.0063138,          0.00011254,           0.0076636,           0.0076636,           0.0076636
                  61,            0.026791,            0.015263,           0.0005687,             0.87486,             0.92306,             0.92331,             0.72744,            0.022735,           0.0062526,          0.00011566,            0.007624,            0.007624,            0.007624
                  62,            0.026911,            0.015092,          0.00067783,             0.89491,             0.89444,             0.92159,             0.72422,            0.022803,           0.0062158,          0.00012749,           0.0075844,           0.0075844,           0.0075844
                  63,            0.026894,            0.015407,          0.00076057,             0.89344,             0.90158,             0.92472,             0.72764,            0.022849,           0.0062334,          0.00012258,           0.0075448,           0.0075448,           0.0075448
                  64,            0.026799,            0.015404,          0.00071448,             0.88801,             0.90234,             0.92588,             0.73559,            0.022546,           0.0061424,          0.00014899,           0.0075052,           0.0075052,           0.0075052
                  65,            0.026606,            0.015179,          0.00060376,             0.89636,             0.90539,             0.92656,             0.73305,            0.022468,           0.0061282,          0.00011953,           0.0074656,           0.0074656,           0.0074656
                  66,            0.026531,            0.015196,          0.00069222,             0.91319,             0.90381,             0.93252,             0.73451,            0.022309,           0.0061256,           0.0001095,            0.007426,            0.007426,            0.007426
                  67,            0.026361,            0.015031,          0.00062592,             0.89938,             0.90678,             0.93338,             0.74273,            0.022177,           0.0061074,          0.00012084,           0.0073864,           0.0073864,           0.0073864
                  68,            0.026251,            0.015007,          0.00058479,             0.89151,             0.91111,             0.92979,             0.74083,            0.022165,           0.0060965,          0.00011256,           0.0073468,           0.0073468,           0.0073468
                  69,             0.02598,            0.014822,          0.00062596,             0.90584,             0.90564,             0.93041,             0.73683,             0.02213,           0.0060969,          0.00010838,           0.0073072,           0.0073072,           0.0073072
                  70,            0.025986,            0.014868,          0.00067428,             0.89414,             0.91654,             0.93102,             0.73679,            0.022085,           0.0060661,          0.00010847,           0.0072676,           0.0072676,           0.0072676
                  71,            0.025811,            0.015032,          0.00055886,             0.89385,             0.91678,             0.93227,             0.74316,            0.021951,           0.0060696,          0.00010043,            0.007228,            0.007228,            0.007228
                  72,            0.025948,             0.01521,          0.00058044,             0.90076,             0.90525,             0.93198,             0.74065,            0.021866,           0.0060351,          0.00010463,           0.0071884,           0.0071884,           0.0071884
                  73,            0.025723,             0.01478,          0.00057432,             0.89939,             0.90744,             0.93481,             0.74621,            0.022069,           0.0059897,          0.00010601,           0.0071488,           0.0071488,           0.0071488
                  74,            0.025775,            0.014996,          0.00063799,             0.91053,             0.91313,             0.94036,             0.75004,             0.02202,             0.00596,           0.0001081,           0.0071092,           0.0071092,           0.0071092
                  75,            0.025739,            0.014718,          0.00067998,             0.89594,             0.92392,             0.93911,             0.75145,            0.021831,           0.0059718,          0.00010813,           0.0070696,           0.0070696,           0.0070696
                  76,            0.025767,            0.014856,           0.0006525,             0.90299,             0.92752,             0.93852,             0.74564,            0.021834,            0.005966,          0.00010041,             0.00703,             0.00703,             0.00703
                  77,            0.025124,             0.01476,          0.00062753,             0.91073,             0.91068,             0.93238,             0.74135,            0.021919,            0.006034,          9.7656e-05,           0.0069904,           0.0069904,           0.0069904
                  78,            0.025207,             0.01457,          0.00054467,              0.9067,             0.91159,              0.9364,             0.74611,            0.021774,           0.0060306,          0.00010152,           0.0069508,           0.0069508,           0.0069508
                  79,            0.025208,            0.014798,           0.0005585,              0.9026,             0.91477,             0.93347,             0.74856,            0.021714,            0.005977,          9.0604e-05,           0.0069112,           0.0069112,           0.0069112
                  80,            0.025263,            0.014759,          0.00066215,             0.90742,             0.91143,             0.93363,             0.74717,            0.021696,            0.005996,          9.5755e-05,           0.0068716,           0.0068716,           0.0068716
                  81,             0.02532,            0.014797,          0.00069817,             0.91304,             0.91381,             0.93261,             0.74728,            0.021565,           0.0060059,          9.4424e-05,            0.006832,            0.006832,            0.006832
                  82,             0.02505,            0.014637,          0.00061951,             0.90355,             0.91664,             0.93466,             0.74928,             0.02154,           0.0059563,          0.00010035,           0.0067924,           0.0067924,           0.0067924
                  83,            0.024928,            0.014667,          0.00059713,             0.89952,             0.91472,             0.93259,             0.74851,            0.021449,           0.0059531,          0.00010027,           0.0067528,           0.0067528,           0.0067528
                  84,            0.024884,            0.014583,          0.00059548,             0.89485,             0.92265,             0.93332,             0.74947,            0.021449,           0.0059307,          0.00010497,           0.0067132,           0.0067132,           0.0067132
                  85,            0.024813,            0.014429,          0.00059918,             0.90768,             0.91689,             0.93468,             0.75247,            0.021179,           0.0059051,          9.1797e-05,           0.0066736,           0.0066736,           0.0066736
                  86,            0.024761,            0.014326,          0.00059378,             0.91647,             0.90573,             0.93689,             0.75577,             0.02104,           0.0058912,          8.8151e-05,            0.006634,            0.006634,            0.006634
                  87,            0.024436,             0.01412,          0.00054141,             0.91073,              0.9213,             0.94124,             0.76036,            0.020908,           0.0058758,          9.1668e-05,           0.0065944,           0.0065944,           0.0065944
                  88,            0.024552,            0.014246,          0.00058492,             0.90901,              0.9184,             0.94008,             0.75944,            0.020786,           0.0058656,          8.8086e-05,           0.0065548,           0.0065548,           0.0065548
                  89,            0.024667,            0.014296,          0.00049343,             0.90577,             0.92075,             0.93994,             0.76108,            0.020752,           0.0058352,          8.7086e-05,           0.0065152,           0.0065152,           0.0065152
                  90,            0.024329,             0.01409,          0.00057637,             0.91239,             0.92021,             0.94177,             0.76139,             0.02079,           0.0058553,          8.6935e-05,           0.0064756,           0.0064756,           0.0064756
                  91,            0.024192,            0.014165,          0.00050851,             0.91319,             0.92398,             0.94092,             0.75989,            0.020784,           0.0058487,          8.6481e-05,            0.006436,            0.006436,            0.006436
                  92,            0.023857,            0.014051,          0.00053864,             0.90978,             0.92932,             0.94401,             0.76413,            0.020736,           0.0058195,          8.4475e-05,           0.0063964,           0.0063964,           0.0063964
                  93,            0.024159,            0.013887,          0.00048496,             0.91766,             0.93165,              0.9479,             0.76622,            0.020654,           0.0057937,          8.2437e-05,           0.0063568,           0.0063568,           0.0063568
                  94,            0.024097,             0.01421,          0.00051617,             0.91844,             0.93108,             0.94665,             0.76603,            0.020643,           0.0057808,           8.201e-05,           0.0063172,           0.0063172,           0.0063172
                  95,            0.023836,            0.013732,          0.00053927,             0.91724,             0.92797,             0.94449,             0.76523,            0.020671,            0.005798,          8.4686e-05,           0.0062776,           0.0062776,           0.0062776
                  96,            0.023696,            0.013968,          0.00057434,              0.9232,             0.92028,             0.94494,             0.76566,            0.020727,           0.0057948,          8.0965e-05,            0.006238,            0.006238,            0.006238
                  97,            0.023614,            0.013699,          0.00051783,             0.91586,             0.92598,             0.94668,             0.76641,             0.02059,           0.0057691,          8.3104e-05,           0.0061984,           0.0061984,           0.0061984
                  98,            0.023694,            0.013734,          0.00058659,             0.92307,             0.92273,              0.9476,             0.76889,            0.020558,           0.0057449,          8.2533e-05,           0.0061588,           0.0061588,           0.0061588
                  99,            0.023851,            0.013695,           0.0004787,             0.92107,             0.92185,             0.94595,             0.76781,            0.020457,           0.0057615,           8.585e-05,           0.0061192,           0.0061192,           0.0061192
                 100,            0.023369,            0.013757,          0.00050007,             0.91847,             0.92461,             0.94618,             0.76843,            0.020462,           0.0057501,          9.3564e-05,           0.0060796,           0.0060796,           0.0060796
                 101,            0.023558,            0.013781,          0.00051125,             0.92323,             0.92073,             0.94678,             0.76894,            0.020493,           0.0057445,          0.00010162,             0.00604,             0.00604,             0.00604
                 102,            0.023341,            0.013734,          0.00049013,             0.92398,             0.92538,             0.94744,             0.77032,            0.020528,           0.0057273,           0.0001169,           0.0060004,           0.0060004,           0.0060004
                 103,             0.02306,            0.013508,          0.00045904,             0.92803,             0.92071,             0.94712,             0.77073,            0.020501,           0.0057277,          0.00012365,           0.0059608,           0.0059608,           0.0059608
                 104,            0.023381,            0.013649,          0.00053044,             0.92074,             0.92052,              0.9473,               0.771,            0.020461,           0.0057279,          0.00010863,           0.0059212,           0.0059212,           0.0059212
                 105,            0.023106,            0.013403,          0.00052125,             0.92969,             0.91413,             0.94677,             0.76957,             0.02043,           0.0057333,          0.00010548,           0.0058816,           0.0058816,           0.0058816
                 106,            0.022923,            0.013399,          0.00056423,             0.93114,             0.91584,             0.94786,             0.77125,            0.020467,           0.0057452,          9.5159e-05,            0.005842,            0.005842,            0.005842
                 107,            0.023099,             0.01347,          0.00051964,             0.92174,             0.92193,             0.94794,             0.77199,            0.020497,            0.005753,          8.6184e-05,           0.0058024,           0.0058024,           0.0058024
                 108,             0.02304,             0.01354,           0.0005515,             0.92032,             0.92873,              0.9486,             0.77155,            0.020437,           0.0057507,          8.1433e-05,           0.0057628,           0.0057628,           0.0057628
                 109,            0.022859,            0.013387,          0.00050155,             0.93432,             0.91448,              0.9491,             0.77304,            0.020386,           0.0057406,          7.7886e-05,           0.0057232,           0.0057232,           0.0057232
                 110,            0.022929,            0.013261,          0.00049018,             0.92946,             0.91973,             0.94942,             0.77344,            0.020361,            0.005733,          7.7114e-05,           0.0056836,           0.0056836,           0.0056836
                 111,            0.022773,            0.013431,          0.00051298,             0.92697,             0.92317,             0.94973,              0.7747,            0.020383,           0.0057233,          7.5921e-05,            0.005644,            0.005644,            0.005644
                 112,            0.022855,            0.013208,          0.00047404,             0.92211,             0.92616,             0.94921,             0.77703,            0.020358,           0.0057176,          7.7162e-05,           0.0056044,           0.0056044,           0.0056044
                 113,            0.022485,            0.013302,          0.00048564,             0.92171,             0.92598,             0.94899,             0.77724,            0.020313,           0.0057103,          7.7355e-05,           0.0055648,           0.0055648,           0.0055648
                 114,            0.022481,            0.013168,          0.00045397,             0.93356,             0.91213,             0.94859,             0.77586,            0.020307,           0.0057151,          7.6613e-05,           0.0055252,           0.0055252,           0.0055252
                 115,            0.022488,            0.013247,           0.0004858,             0.92962,             0.91581,             0.94821,             0.77644,            0.020286,           0.0057063,          7.8477e-05,           0.0054856,           0.0054856,           0.0054856
                 116,            0.022571,            0.013182,          0.00049272,             0.92754,             0.91832,             0.94734,             0.77647,            0.020234,            0.005694,          7.8297e-05,            0.005446,            0.005446,            0.005446
                 117,            0.022286,             0.01316,          0.00046354,             0.92803,             0.92167,              0.9478,              0.7774,            0.020189,            0.005688,          7.7683e-05,           0.0054064,           0.0054064,           0.0054064
                 118,            0.022304,            0.013264,          0.00045421,             0.92756,             0.92303,             0.94885,             0.77834,            0.020151,           0.0056792,          7.5601e-05,           0.0053668,           0.0053668,           0.0053668
                 119,            0.022379,            0.013008,          0.00060452,             0.92741,             0.92158,             0.94839,             0.77851,            0.020127,            0.005672,          7.4399e-05,           0.0053272,           0.0053272,           0.0053272
                 120,            0.022089,            0.012974,          0.00042515,             0.92774,             0.92248,             0.94867,             0.77858,            0.020104,           0.0056637,          7.3634e-05,           0.0052876,           0.0052876,           0.0052876
                 121,            0.021609,            0.012615,          0.00039957,             0.92535,             0.92619,             0.94922,             0.77916,            0.020088,           0.0056599,          7.3859e-05,            0.005248,            0.005248,            0.005248
                 122,            0.021977,            0.012881,          0.00044205,             0.92826,             0.92656,             0.95003,              0.7796,             0.02007,           0.0056619,          7.3027e-05,           0.0052084,           0.0052084,           0.0052084
                 123,            0.021926,            0.012937,          0.00045335,             0.92885,             0.92557,             0.95078,             0.77981,            0.020018,           0.0056615,          7.2829e-05,           0.0051688,           0.0051688,           0.0051688
                 124,            0.021975,            0.012923,          0.00047605,             0.92873,             0.92708,             0.95054,             0.78068,             0.01999,           0.0056623,          7.2227e-05,           0.0051292,           0.0051292,           0.0051292
                 125,            0.022028,            0.012853,          0.00040502,             0.93106,             0.92774,             0.95004,             0.78106,            0.019946,           0.0056612,          7.1508e-05,           0.0050896,           0.0050896,           0.0050896
                 126,            0.021709,            0.012707,          0.00039474,             0.93087,              0.9295,             0.94971,             0.78035,            0.019915,           0.0056532,          7.2144e-05,             0.00505,             0.00505,             0.00505
                 127,            0.021503,            0.012989,          0.00041734,             0.92879,             0.92947,             0.94934,             0.78008,            0.019927,           0.0056524,          7.2719e-05,           0.0050104,           0.0050104,           0.0050104
                 128,            0.021398,            0.012725,          0.00036196,             0.92993,             0.92794,             0.94916,             0.77989,            0.019935,           0.0056481,          7.3944e-05,           0.0049708,           0.0049708,           0.0049708
                 129,            0.021461,             0.01257,          0.00041948,             0.92856,             0.93145,              0.9491,             0.78068,            0.019931,           0.0056418,          7.5194e-05,           0.0049312,           0.0049312,           0.0049312
                 130,            0.021221,            0.012929,          0.00040731,             0.92677,             0.93288,             0.94871,             0.78073,            0.019903,           0.0056315,          7.4732e-05,           0.0048916,           0.0048916,           0.0048916
                 131,            0.021454,            0.012582,           0.0003571,             0.93007,             0.93026,              0.9489,             0.78077,            0.019903,           0.0056272,          7.4465e-05,            0.004852,            0.004852,            0.004852
                 132,            0.021322,             0.01252,          0.00035226,             0.92921,             0.93031,             0.94861,             0.78009,            0.019885,           0.0056233,           7.385e-05,           0.0048124,           0.0048124,           0.0048124
                 133,            0.021171,            0.012625,          0.00043598,             0.93408,             0.92596,             0.94896,             0.78074,            0.019867,           0.0056183,          7.3399e-05,           0.0047728,           0.0047728,           0.0047728
                 134,            0.020999,            0.012535,          0.00042661,             0.93009,             0.92656,             0.94847,              0.7814,            0.019856,             0.00561,          7.2548e-05,           0.0047332,           0.0047332,           0.0047332
                 135,            0.021055,            0.012467,          0.00037696,             0.92897,             0.92687,              0.9489,              0.7817,            0.019852,           0.0056056,           7.151e-05,           0.0046936,           0.0046936,           0.0046936
                 136,             0.02093,            0.012417,          0.00040699,             0.92848,             0.92715,             0.94924,             0.78285,            0.019847,           0.0056014,          7.0676e-05,            0.004654,            0.004654,            0.004654
                 137,            0.021196,            0.012301,          0.00034729,             0.92867,             0.92821,             0.94967,             0.78334,            0.019849,           0.0056005,          7.0223e-05,           0.0046144,           0.0046144,           0.0046144
                 138,            0.020826,            0.012388,          0.00039021,             0.92629,             0.92957,             0.94967,             0.78435,            0.019851,           0.0055977,           6.996e-05,           0.0045748,           0.0045748,           0.0045748
                 139,            0.020651,            0.012278,          0.00034614,             0.92806,             0.92823,             0.94996,             0.78443,            0.019848,           0.0055971,          6.9117e-05,           0.0045352,           0.0045352,           0.0045352
                 140,            0.020869,            0.012209,          0.00037663,             0.92669,             0.92772,             0.94992,             0.78483,            0.019843,           0.0055975,          6.7982e-05,           0.0044956,           0.0044956,           0.0044956
                 141,            0.020931,            0.012346,          0.00050474,             0.92657,             0.92621,             0.94987,              0.7851,            0.019833,           0.0055988,          6.6783e-05,            0.004456,            0.004456,            0.004456
                 142,             0.02052,            0.012253,          0.00034335,             0.92708,             0.92861,             0.94976,              0.7849,            0.019818,           0.0055992,          6.5813e-05,           0.0044164,           0.0044164,           0.0044164
                 143,            0.020355,            0.012088,          0.00038249,             0.92756,             0.92899,             0.94984,             0.78476,            0.019809,           0.0056001,          6.4672e-05,           0.0043768,           0.0043768,           0.0043768
                 144,            0.020351,            0.012226,          0.00041741,             0.92885,             0.92934,             0.94996,             0.78511,            0.019798,           0.0055996,          6.3934e-05,           0.0043372,           0.0043372,           0.0043372
                 145,            0.020542,            0.012051,           0.0003544,             0.92892,             0.93003,             0.94995,             0.78527,            0.019776,           0.0055995,          6.3333e-05,           0.0042976,           0.0042976,           0.0042976
                 146,            0.020439,            0.012231,          0.00034251,             0.92978,             0.92942,             0.94978,             0.78575,            0.019768,           0.0055978,          6.3036e-05,            0.004258,            0.004258,            0.004258
                 147,            0.020474,            0.011959,          0.00039903,             0.92718,             0.93095,             0.94917,             0.78581,            0.019759,            0.005598,          6.2841e-05,           0.0042184,           0.0042184,           0.0042184
                 148,            0.020349,            0.011921,          0.00040096,             0.92695,             0.93089,             0.94911,             0.78608,            0.019742,           0.0055971,          6.2119e-05,           0.0041788,           0.0041788,           0.0041788
                 149,            0.020117,             0.01198,          0.00040617,             0.92722,             0.92992,             0.94881,             0.78611,            0.019724,           0.0055986,          6.1378e-05,           0.0041392,           0.0041392,           0.0041392
                 150,            0.020063,            0.011865,          0.00029609,             0.92753,             0.93085,              0.9491,             0.78612,            0.019711,            0.005599,          6.0856e-05,           0.0040996,           0.0040996,           0.0040996
                 151,            0.019829,            0.011696,          0.00033765,             0.92674,             0.93028,             0.94894,             0.78734,            0.019704,           0.0055989,          6.0267e-05,             0.00406,             0.00406,             0.00406
                 152,            0.019977,            0.011935,          0.00036752,             0.92805,             0.93071,             0.94896,             0.78761,            0.019694,           0.0056012,          5.9903e-05,           0.0040204,           0.0040204,           0.0040204
                 153,            0.019726,            0.012043,          0.00037016,             0.92825,             0.93127,             0.94906,             0.78738,            0.019689,           0.0056003,          5.9668e-05,           0.0039808,           0.0039808,           0.0039808
                 154,            0.019702,            0.011768,          0.00035258,             0.92809,             0.93051,             0.94887,             0.78717,             0.01969,           0.0056005,          5.9687e-05,           0.0039412,           0.0039412,           0.0039412
                 155,            0.019865,            0.011857,          0.00029099,              0.9273,             0.93096,             0.94919,             0.78696,            0.019686,           0.0055999,          5.9335e-05,           0.0039016,           0.0039016,           0.0039016
                 156,            0.019512,            0.011841,          0.00030292,             0.92767,             0.93098,             0.94947,             0.78686,            0.019679,            0.005599,          5.8897e-05,            0.003862,            0.003862,            0.003862
                 157,            0.019774,            0.011505,          0.00033053,             0.92823,             0.93099,             0.94947,             0.78696,            0.019677,           0.0055992,          5.8593e-05,           0.0038224,           0.0038224,           0.0038224
                 158,            0.019861,            0.011848,          0.00036106,             0.92881,             0.92691,             0.94938,             0.78703,            0.019672,           0.0055994,          5.8606e-05,           0.0037828,           0.0037828,           0.0037828
                 159,            0.019598,            0.011788,          0.00030872,             0.92957,              0.9278,             0.94998,             0.78783,            0.019666,           0.0055985,          5.8595e-05,           0.0037432,           0.0037432,           0.0037432
                 160,            0.019476,            0.011679,          0.00033632,             0.92939,             0.93039,             0.95072,             0.78766,            0.019665,           0.0055983,          5.8661e-05,           0.0037036,           0.0037036,           0.0037036
                 161,            0.019291,            0.011536,           0.0002964,             0.93328,             0.92934,             0.95086,             0.78809,            0.019663,              0.0056,          5.8251e-05,            0.003664,            0.003664,            0.003664
                 162,            0.019106,            0.011453,           0.0003405,              0.9313,             0.93068,             0.95085,             0.78868,            0.019658,           0.0056004,          5.7871e-05,           0.0036244,           0.0036244,           0.0036244
                 163,            0.019194,            0.011426,          0.00031527,             0.93096,             0.93061,             0.95093,             0.78888,            0.019651,           0.0056009,          5.7635e-05,           0.0035848,           0.0035848,           0.0035848
                 164,            0.019103,            0.011418,          0.00032938,             0.92986,             0.93151,             0.95095,             0.78965,            0.019647,           0.0056019,          5.7638e-05,           0.0035452,           0.0035452,           0.0035452
                 165,            0.019192,            0.011406,          0.00033507,             0.93325,             0.93122,             0.95109,             0.78944,            0.019639,           0.0056032,          5.7431e-05,           0.0035056,           0.0035056,           0.0035056
                 166,            0.018894,            0.011282,          0.00028558,              0.9318,             0.93116,             0.95103,             0.78969,            0.019632,           0.0056047,          5.6985e-05,            0.003466,            0.003466,            0.003466
                 167,            0.018888,            0.011203,          0.00030081,              0.9322,             0.93116,             0.95103,             0.78967,            0.019625,           0.0056059,          5.6751e-05,           0.0034264,           0.0034264,           0.0034264
                 168,            0.018815,            0.011249,          0.00034426,             0.93475,             0.92914,             0.95104,             0.79002,            0.019619,           0.0056077,          5.6405e-05,           0.0033868,           0.0033868,           0.0033868
                 169,            0.018901,            0.011198,           0.0002973,             0.93255,              0.9312,             0.95086,             0.78983,            0.019611,           0.0056081,           5.613e-05,           0.0033472,           0.0033472,           0.0033472
                 170,            0.018809,            0.011248,          0.00027757,             0.93348,              0.9309,              0.9511,             0.78971,            0.019609,           0.0056084,          5.5939e-05,           0.0033076,           0.0033076,           0.0033076
                 171,            0.018652,            0.011236,          0.00030274,             0.93271,             0.93107,             0.95112,              0.7899,            0.019603,            0.005608,          5.5908e-05,            0.003268,            0.003268,            0.003268
                 172,            0.018549,            0.011146,          0.00024991,             0.93323,             0.93063,             0.95128,             0.79018,              0.0196,           0.0056075,          5.5791e-05,           0.0032284,           0.0032284,           0.0032284
                 173,             0.01858,            0.011212,          0.00027087,             0.93254,             0.93175,             0.95154,             0.79048,            0.019595,           0.0056073,           5.555e-05,           0.0031888,           0.0031888,           0.0031888
                 174,            0.018555,            0.011103,          0.00032373,             0.93289,             0.93171,             0.95159,             0.79067,            0.019593,           0.0056075,           5.541e-05,           0.0031492,           0.0031492,           0.0031492
                 175,            0.018425,            0.010922,          0.00030754,             0.93247,              0.9318,             0.95169,             0.79082,            0.019589,           0.0056082,            5.54e-05,           0.0031096,           0.0031096,           0.0031096
                 176,             0.01816,            0.011124,          0.00028556,             0.93195,             0.93161,             0.95157,             0.79103,            0.019586,           0.0056086,          5.5151e-05,             0.00307,             0.00307,             0.00307
                 177,            0.018266,            0.010924,          0.00031411,             0.93302,             0.93175,             0.95144,             0.79113,            0.019581,             0.00561,          5.4901e-05,           0.0030304,           0.0030304,           0.0030304
                 178,            0.018142,            0.010964,          0.00026499,             0.93185,             0.93183,             0.95157,             0.79119,            0.019579,           0.0056111,          5.4757e-05,           0.0029908,           0.0029908,           0.0029908
                 179,            0.018127,            0.010937,          0.00027918,             0.93138,             0.93216,             0.95161,              0.7916,            0.019576,           0.0056122,          5.4651e-05,           0.0029512,           0.0029512,           0.0029512
                 180,            0.018048,            0.010926,          0.00028103,             0.93094,             0.93231,             0.95167,             0.79173,            0.019572,           0.0056135,          5.4508e-05,           0.0029116,           0.0029116,           0.0029116
                 181,            0.018003,            0.010758,          0.00026254,             0.93208,             0.93229,             0.95179,             0.79176,             0.01957,           0.0056152,          5.4435e-05,            0.002872,            0.002872,            0.002872
                 182,            0.017753,            0.010674,          0.00026499,             0.93252,              0.9321,             0.95192,             0.79207,            0.019568,           0.0056169,          5.4273e-05,           0.0028324,           0.0028324,           0.0028324
                 183,             0.01789,            0.010812,           0.0002749,             0.93228,             0.93148,             0.95192,             0.79247,            0.019564,           0.0056179,          5.4101e-05,           0.0027928,           0.0027928,           0.0027928
                 184,             0.01762,            0.010516,          0.00023268,             0.93218,             0.93233,             0.95149,             0.79229,            0.019561,           0.0056191,          5.3856e-05,           0.0027532,           0.0027532,           0.0027532
                 185,             0.01761,            0.010608,          0.00023263,             0.93238,             0.93164,             0.95163,             0.79244,            0.019558,           0.0056204,          5.3856e-05,           0.0027136,           0.0027136,           0.0027136
                 186,            0.017865,            0.010578,          0.00024715,             0.93374,             0.93096,              0.9515,              0.7925,            0.019552,           0.0056207,          5.3624e-05,            0.002674,            0.002674,            0.002674
                 187,             0.01755,            0.010584,          0.00026196,             0.93352,             0.93086,             0.95135,             0.79237,            0.019547,           0.0056224,          5.3534e-05,           0.0026344,           0.0026344,           0.0026344
                 188,            0.017534,            0.010737,          0.00019909,             0.93478,             0.93024,             0.95139,             0.79227,            0.019541,           0.0056243,          5.3481e-05,           0.0025948,           0.0025948,           0.0025948
                 189,            0.017378,            0.010744,          0.00026361,             0.93536,             0.93021,             0.95138,             0.79205,            0.019533,           0.0056255,          5.3407e-05,           0.0025552,           0.0025552,           0.0025552
                 190,            0.017265,              0.0105,          0.00025176,             0.93534,             0.92936,             0.95151,               0.792,             0.01953,           0.0056262,          5.3406e-05,           0.0025156,           0.0025156,           0.0025156
                 191,            0.017273,            0.010542,          0.00024053,              0.9358,             0.92884,             0.95167,             0.79191,            0.019526,           0.0056265,          5.3381e-05,            0.002476,            0.002476,            0.002476
                 192,            0.016918,            0.010276,          0.00018122,             0.93518,             0.92826,             0.95179,             0.79221,            0.019521,           0.0056271,           5.333e-05,           0.0024364,           0.0024364,           0.0024364
                 193,            0.017147,            0.010469,          0.00022329,              0.9354,             0.92819,             0.95166,             0.79197,            0.019514,           0.0056276,          5.3194e-05,           0.0023968,           0.0023968,           0.0023968
                 194,            0.016918,            0.010219,          0.00027853,             0.93568,             0.92796,             0.95182,             0.79229,             0.01951,           0.0056291,          5.2962e-05,           0.0023572,           0.0023572,           0.0023572
                 195,            0.017138,            0.010299,          0.00020053,             0.93543,             0.92799,              0.9518,             0.79262,            0.019507,           0.0056304,          5.2789e-05,           0.0023176,           0.0023176,           0.0023176
                 196,            0.017014,            0.010345,          0.00019701,             0.93645,             0.92863,             0.95183,             0.79234,            0.019503,            0.005631,          5.2749e-05,            0.002278,            0.002278,            0.002278
                 197,            0.016693,            0.010262,          0.00020944,              0.9372,             0.92854,             0.95207,             0.79251,            0.019498,           0.0056321,          5.2657e-05,           0.0022384,           0.0022384,           0.0022384
                 198,            0.016688,            0.010281,           0.0002102,             0.93721,             0.92819,              0.9519,             0.79219,            0.019493,            0.005633,          5.2493e-05,           0.0021988,           0.0021988,           0.0021988
                 199,            0.016771,            0.010249,          0.00025813,             0.93781,             0.92848,             0.95171,             0.79262,            0.019489,           0.0056338,           5.247e-05,           0.0021592,           0.0021592,           0.0021592
                 200,            0.016454,            0.010153,          0.00019173,             0.93787,             0.92805,             0.95185,             0.79266,            0.019486,           0.0056345,          5.2407e-05,           0.0021196,           0.0021196,           0.0021196
                 201,            0.016435,            0.010064,          0.00022455,             0.93788,             0.92766,             0.95186,             0.79228,            0.019484,           0.0056371,          5.2351e-05,             0.00208,             0.00208,             0.00208
                 202,            0.016473,            0.010127,          0.00019825,             0.93784,             0.92757,             0.95196,             0.79245,            0.019484,           0.0056378,          5.2294e-05,           0.0020404,           0.0020404,           0.0020404
                 203,            0.016429,            0.010087,          0.00023796,             0.93714,             0.92667,             0.95168,             0.79272,            0.019482,           0.0056396,           5.216e-05,           0.0020008,           0.0020008,           0.0020008
                 204,            0.016236,           0.0099546,          0.00019981,              0.9366,             0.92679,             0.95202,             0.79304,            0.019477,            0.005641,          5.1942e-05,           0.0019612,           0.0019612,           0.0019612
                 205,            0.016112,           0.0099002,          0.00021743,             0.93672,             0.92746,             0.95209,             0.79297,            0.019475,           0.0056422,          5.1808e-05,           0.0019216,           0.0019216,           0.0019216
                 206,            0.016312,           0.0099249,          0.00022149,             0.93735,             0.92717,             0.95218,               0.793,            0.019469,           0.0056434,          5.1537e-05,            0.001882,            0.001882,            0.001882
                 207,            0.016342,           0.0098567,          0.00023117,             0.93743,             0.92766,             0.95216,             0.79301,            0.019466,           0.0056446,          5.1478e-05,           0.0018424,           0.0018424,           0.0018424
                 208,            0.015818,           0.0097818,          0.00019331,             0.93662,             0.92939,             0.95209,             0.79315,            0.019463,            0.005647,          5.1282e-05,           0.0018028,           0.0018028,           0.0018028
                 209,            0.015916,            0.009641,          0.00019184,             0.93705,             0.92912,             0.95203,             0.79294,            0.019457,           0.0056485,          5.1203e-05,           0.0017632,           0.0017632,           0.0017632
                 210,            0.016002,           0.0097939,           0.0001903,             0.93762,              0.9291,              0.9521,             0.79336,            0.019453,           0.0056498,          5.1059e-05,           0.0017236,           0.0017236,           0.0017236
                 211,            0.015667,           0.0097834,          0.00017932,             0.93771,             0.92847,             0.95266,             0.79363,            0.019448,           0.0056509,          5.1028e-05,            0.001684,            0.001684,            0.001684
                 212,            0.015732,           0.0096403,          0.00019298,             0.93796,             0.92893,             0.95271,             0.79394,            0.019446,           0.0056518,          5.0698e-05,           0.0016444,           0.0016444,           0.0016444
                 213,            0.015708,           0.0096446,          0.00017633,             0.93629,             0.93064,             0.95259,             0.79395,            0.019442,           0.0056534,            5.05e-05,           0.0016048,           0.0016048,           0.0016048
                 214,            0.015575,           0.0095946,          0.00015105,             0.93633,             0.93051,             0.95271,             0.79414,             0.01944,           0.0056548,          5.0292e-05,           0.0015652,           0.0015652,           0.0015652
                 215,            0.015547,           0.0094141,          0.00016719,             0.93607,             0.93067,             0.95283,             0.79386,             0.01944,           0.0056561,          5.0161e-05,           0.0015256,           0.0015256,           0.0015256
                 216,            0.015534,           0.0094889,          0.00016952,             0.93617,             0.93013,             0.95273,             0.79454,            0.019439,           0.0056574,          4.9998e-05,            0.001486,            0.001486,            0.001486
                 217,            0.015342,           0.0094736,          0.00021916,             0.93781,             0.92935,             0.95282,              0.7945,            0.019434,            0.005659,          4.9856e-05,           0.0014464,           0.0014464,           0.0014464
                 218,            0.015258,           0.0095298,          0.00014949,             0.93568,               0.931,             0.95286,             0.79484,            0.019434,           0.0056612,          4.9588e-05,           0.0014068,           0.0014068,           0.0014068
                 219,            0.015195,           0.0093614,          0.00018746,             0.93567,             0.93097,             0.95284,             0.79497,            0.019435,           0.0056634,          4.9375e-05,           0.0013672,           0.0013672,           0.0013672
                 220,            0.015281,           0.0094403,          0.00021796,             0.93595,             0.93046,             0.95295,             0.79485,            0.019434,           0.0056659,          4.9112e-05,           0.0013276,           0.0013276,           0.0013276
                 221,            0.015105,           0.0093612,          0.00018613,             0.93615,             0.93002,               0.953,             0.79508,            0.019432,           0.0056674,          4.8965e-05,            0.001288,            0.001288,            0.001288
                 222,            0.014882,           0.0092354,          0.00016752,              0.9363,             0.92955,             0.95292,             0.79514,            0.019431,           0.0056695,          4.8673e-05,           0.0012484,           0.0012484,           0.0012484
                 223,            0.014826,           0.0092574,          0.00015007,             0.93658,             0.92951,             0.95302,             0.79527,            0.019433,            0.005672,          4.8483e-05,           0.0012088,           0.0012088,           0.0012088
                 224,            0.014788,           0.0091883,          0.00012746,             0.93745,             0.93007,             0.95284,             0.79565,            0.019433,           0.0056741,           4.816e-05,           0.0011692,           0.0011692,           0.0011692
                 225,            0.014729,           0.0091081,          0.00014236,             0.93748,             0.92957,             0.95273,              0.7953,             0.01943,           0.0056769,          4.8034e-05,           0.0011296,           0.0011296,           0.0011296
                 226,             0.01463,            0.009131,          0.00014659,             0.93707,             0.92916,             0.95286,             0.79555,             0.01943,           0.0056801,          4.7773e-05,             0.00109,             0.00109,             0.00109
                 227,             0.01441,           0.0091365,          0.00013554,              0.9364,              0.9291,             0.95245,             0.79494,            0.019429,           0.0056832,          4.7429e-05,           0.0010504,           0.0010504,           0.0010504
                 228,            0.014607,           0.0092262,          0.00012076,             0.93718,             0.92878,             0.95265,             0.79499,            0.019428,           0.0056865,           4.717e-05,           0.0010108,           0.0010108,           0.0010108
                 229,            0.014523,           0.0090541,          0.00013535,             0.93746,             0.92863,             0.95263,             0.79497,            0.019425,           0.0056895,          4.7029e-05,           0.0009712,           0.0009712,           0.0009712
                 230,            0.014175,            0.008867,          0.00012504,             0.93763,             0.92859,             0.95249,             0.79491,            0.019425,           0.0056931,          4.6787e-05,           0.0009316,           0.0009316,           0.0009316
                 231,            0.014285,           0.0089488,          0.00014584,             0.93872,             0.92908,             0.95287,             0.79506,            0.019422,           0.0056962,          4.6651e-05,            0.000892,            0.000892,            0.000892
                 232,            0.014023,            0.008779,          0.00012711,             0.93906,             0.92853,             0.95294,             0.79532,            0.019421,           0.0056997,          4.6441e-05,           0.0008524,           0.0008524,           0.0008524
                 233,            0.014021,           0.0088725,          0.00013564,             0.92928,             0.93828,             0.95312,             0.79552,            0.019423,           0.0057036,          4.6305e-05,           0.0008128,           0.0008128,           0.0008128
                 234,            0.013956,           0.0087885,          0.00013596,             0.92944,             0.93777,             0.95353,             0.79532,            0.019424,           0.0057076,          4.6097e-05,           0.0007732,           0.0007732,           0.0007732
                 235,            0.014194,           0.0088142,          0.00013927,             0.92939,             0.93784,             0.95353,             0.79507,            0.019425,           0.0057111,          4.5894e-05,           0.0007336,           0.0007336,           0.0007336
                 236,             0.01396,            0.008589,          0.00010812,             0.92838,             0.93788,             0.95343,             0.79592,            0.019425,           0.0057152,          4.5532e-05,            0.000694,            0.000694,            0.000694
                 237,            0.013838,           0.0087907,          0.00015949,             0.92792,             0.93902,             0.95344,             0.79597,            0.019425,           0.0057192,          4.5317e-05,           0.0006544,           0.0006544,           0.0006544
                 238,            0.013928,           0.0086243,          0.00012212,             0.92796,             0.93936,             0.95334,             0.79569,            0.019427,           0.0057234,          4.5071e-05,           0.0006148,           0.0006148,           0.0006148
                 239,            0.013882,            0.008583,          0.00011899,             0.92883,              0.9387,             0.95343,             0.79584,            0.019428,           0.0057276,          4.4797e-05,           0.0005752,           0.0005752,           0.0005752
                 240,            0.013609,           0.0086135,          0.00011098,             0.92764,             0.93938,             0.95348,             0.79584,            0.019428,           0.0057322,           4.445e-05,           0.0005356,           0.0005356,           0.0005356
                 241,            0.013651,           0.0086539,           0.0001135,             0.92773,              0.9393,             0.95343,             0.79537,            0.019428,           0.0057366,          4.4079e-05,            0.000496,            0.000496,            0.000496
                 242,            0.013503,           0.0085061,          9.4633e-05,             0.92808,             0.93914,             0.95342,             0.79568,            0.019427,           0.0057409,           4.372e-05,           0.0004564,           0.0004564,           0.0004564
                 243,            0.013622,            0.008554,          0.00013979,             0.94024,             0.92698,             0.95346,             0.79598,            0.019427,           0.0057442,          4.3379e-05,           0.0004168,           0.0004168,           0.0004168
                 244,            0.013353,           0.0083856,          9.7684e-05,             0.94003,             0.92708,             0.95339,             0.79612,            0.019427,            0.005749,          4.3035e-05,           0.0003772,           0.0003772,           0.0003772
                 245,            0.013256,           0.0084604,          9.7118e-05,             0.93972,             0.92848,             0.95336,             0.79598,            0.019426,           0.0057528,          4.2758e-05,           0.0003376,           0.0003376,           0.0003376
                 246,            0.013314,           0.0085645,          9.9142e-05,             0.93969,             0.92843,             0.95276,             0.79611,            0.019427,           0.0057577,          4.2354e-05,            0.000298,            0.000298,            0.000298
                 247,            0.013308,           0.0083161,          0.00012049,             0.93972,             0.92838,             0.95311,              0.7963,            0.019427,           0.0057616,          4.2206e-05,           0.0002584,           0.0002584,           0.0002584
                 248,            0.013176,           0.0084907,          0.00011318,             0.94004,              0.9282,             0.95315,             0.79641,            0.019427,           0.0057652,          4.1881e-05,           0.0002188,           0.0002188,           0.0002188
                 249,            0.013217,           0.0083369,          0.00011368,             0.94036,             0.92822,             0.95286,             0.79648,            0.019426,           0.0057696,          4.1598e-05,           0.0001792,           0.0001792,           0.0001792
